,player_id,player_name,player_display_name,position,position_group,headshot_url,season,week,season_type,team,opponent_team,completions,attempts,passing_yards,passing_tds,passing_interceptions,sacks_suffered,sack_yards_lost,sack_fumbles,sack_fumbles_lost,passing_air_yards,passing_yards_after_catch,passing_first_downs,passing_epa,passing_cpoe,passing_2pt_conversions,pacr,carries,rushing_yards,rushing_tds,rushing_fumbles,rushing_fumbles_lost,rushing_first_downs,rushing_epa,rushing_2pt_conversions,receptions,targets,receiving_yards,receiving_tds,receiving_fumbles,receiving_fumbles_lost,receiving_air_yards,receiving_yards_after_catch,receiving_first_downs,receiving_epa,receiving_2pt_conversions,racr,target_share,air_yards_share,wopr,special_teams_tds,def_tackles_solo,def_tackles_with_assist,def_tackle_assists,def_tackles_for_loss,def_tackles_for_loss_yards,def_fumbles_forced,def_sacks,def_sack_yards,def_qb_hits,def_interceptions,def_interception_yards,def_pass_defended,def_tds,def_fumbles,def_safeties,misc_yards,fumble_recovery_own,fumble_recovery_yards_own,fumble_recovery_opp,fumble_recovery_yards_opp,fumble_recovery_tds,penalties,penalty_yards,punt_returns,punt_return_yards,kickoff_returns,kickoff_return_yards,fg_made,fg_att,fg_missed,fg_blocked,fg_long,fg_pct,fg_made_0_19,fg_made_20_29,fg_made_30_39,fg_made_40_49,fg_made_50_59,fg_made_60_,fg_missed_0_19,fg_missed_20_29,fg_missed_30_39,fg_missed_40_49,fg_missed_50_59,fg_missed_60_,fg_made_list,fg_missed_list,fg_blocked_list,fg_made_distance,fg_missed_distance,fg_blocked_distance,pat_made,pat_att,pat_missed,pat_blocked,pat_pct,gwfg_made,gwfg_att,gwfg_missed,gwfg_blocked,gwfg_distance,fantasy_points,fantasy_points_ppr,game_id
596,00-0033908,C.Kupp,Cooper Kupp,WR,WR,"https://static.www.nfl.com/image/upload/f_auto,q_auto/league/lpaxi9rsedlg9sdr5quw",2020,1,REG,LA,DAL,0,0,0,0,0,0,0,0,0,0,0,0,,,0,,0,0,0,0,0,0,,0,4,5,40,0,0,0,19,18,3,2.7863074742377094,0,2.1052631578947367,0.17857142857142858,0.1357142857142857,0.3628571428571428,0,0,0,0,0,0,0,0.0,0.0,0,0,0,0,0,0,0,0,0,0,0,0,0,0,0,0,0,0,0,0,0,0,0,,,0,0,0,0,0,0,0,0,0,0,0,0,,,,0,0,0,0,0,0,0,,0,0,0,0,0,4.0,8.0,
1620,00-0033908,C.Kupp,Cooper Kupp,WR,WR,"https://static.www.nfl.com/image/upload/f_auto,q_auto/league/lpaxi9rsedlg9sdr5quw",2020,2,REG,LA,PHI,0,0,0,0,0,0,0,0,0,0,0,0,,,0,,2,19,0,0,0,2,1.9896142153884284,0,5,6,81,0,0,0,26,55,5,8.575829523033462,0,3.1153846153846154,0.23076923076923078,0.11764705882352941,0.4285067873303167,0,0,0,0,0,0,0,0.0,0.0,0,0,0,0,0,1,0,0,0,0,0,0,0,0,0,1,8,0,0,0,0,0,0,,,0,0,0,0,0,0,0,0,0,0,0,0,,,,0,0,0,0,0,0,0,,0,0,0,0,0,10.0,15.0,
2668,00-0033908,C.Kupp,Cooper Kupp,WR,WR,"https://static.www.nfl.com/image/upload/f_auto,q_auto/league/lpaxi9rsedlg9sdr5quw",2020,3,REG,LA,BUF,0,0,0,0,0,0,0,0,0,0,0,0,,,0,,0,0,0,0,0,0,,0,9,10,107,1,0,0,72,43,6,7.334100115695037,0,1.4861111111111112,0.3225806451612903,0.3891891891891892,0.7563034001743679,0,0,0,0,0,0,0,0.0,0.0,0,0,0,0,0,0,0,0,0,1,0,0,0,0,0,0,0,0,0,0,0,0,0,,,0,0,0,0,0,0,0,0,0,0,0,0,,,,0,0,0,0,0,0,0,,0,0,0,0,0,16.700000000000003,25.700000000000003,
3657,00-0033908,C.Kupp,Cooper Kupp,WR,WR,"https://static.www.nfl.com/image/upload/f_auto,q_auto/league/lpaxi9rsedlg9sdr5quw",2020,4,REG,LA,NYG,0,0,0,0,0,0,0,0,0,0,0,0,,,0,,1,-2,0,0,0,0,-0.7514451482566074,0,5,7,69,1,0,0,53,51,1,2.2089034249074757,0,1.3018867924528301,0.21875,0.27040816326530615,0.5174107142857143,0,0,0,0,0,0,0,0.0,0.0,0,0,0,0,0,0,0,0,0,0,0,0,0,0,0,2,16,0,0,0,0,0,0,,,0,0,0,0,0,0,0,0,0,0,0,0,,,,0,0,0,0,0,0,0,,0,0,0,0,0,12.7,17.7,
4620,00-0033908,C.Kupp,Cooper Kupp,WR,WR,"https://static.www.nfl.com/image/upload/f_auto,q_auto/league/lpaxi9rsedlg9sdr5quw",2020,5,REG,LA,WAS,0,0,0,0,0,0,0,0,0,0,0,0,,,0,,0,0,0,0,0,0,,0,5,8,66,0,0,0,51,50,2,1.3460704005144102,0,1.2941176470588236,0.27586206896551724,0.2712765957446808,0.6036867204695524,0,1,0,0,0,0,0,0.0,0.0,0,0,0,0,0,0,0,0,0,0,0,0,0,0,0,4,20,0,0,0,0,0,0,,,0,0,0,0,0,0,0,0,0,0,0,0,,,,0,0,0,0,0,0,0,,0,0,0,0,0,6.6000000000000005,11.600000000000001,
5540,00-0033908,C.Kupp,Cooper Kupp,WR,WR,"https://static.www.nfl.com/image/upload/f_auto,q_auto/league/lpaxi9rsedlg9sdr5quw",2020,6,REG,LA,SF,0,0,0,0,0,0,0,0,0,0,0,0,,,0,,0,0,0,0,0,0,,0,3,9,11,0,0,0,120,5,1,-5.772458894760348,0,0.09166666666666666,0.24324324324324326,0.26373626373626374,0.5494802494802495,0,0,0,0,0,0,0,0.0,0.0,0,0,0,0,0,0,0,0,0,0,0,0,0,0,0,1,5,0,0,0,0,0,0,,,0,0,0,0,0,0,0,0,0,0,0,0,,,,0,0,0,0,0,0,0,,0,0,0,0,0,1.1,4.1,
6460,00-0033908,C.Kupp,Cooper Kupp,WR,WR,"https://static.www.nfl.com/image/upload/f_auto,q_auto/league/lpaxi9rsedlg9sdr5quw",2020,7,REG,LA,CHI,0,0,0,0,0,0,0,0,0,0,0,0,,,0,,1,16,0,0,0,1,0.9473239952931181,0,6,6,43,0,0,0,21,22,2,1.425184887018986,0,2.0476190476190474,0.1935483870967742,0.07835820895522388,0.34517332691381797,0,0,0,0,0,0,0,0.0,0.0,0,0,0,0,0,0,0,0,0,0,0,0,0,0,0,0,0,0,0,0,0,0,0,,,0,0,0,0,0,0,0,0,0,0,0,0,,,,0,0,0,0,0,0,0,,0,0,0,0,0,5.9,11.9,
7381,00-0033908,C.Kupp,Cooper Kupp,WR,WR,"https://static.www.nfl.com/image/upload/f_auto,q_auto/league/lpaxi9rsedlg9sdr5quw",2020,8,REG,LA,MIA,0,0,0,0,0,0,0,0,0,0,0,0,,,0,,0,0,0,0,0,0,,0,11,20,110,0,0,0,144,61,4,-7.224723088787869,0,0.7638888888888888,0.3508771929824561,0.39452054794520547,0.8024801730353279,0,1,0,0,0,0,0,0.0,0.0,0,0,0,0,0,0,0,0,0,0,0,0,0,0,0,0,0,0,0,0,0,0,0,,,0,0,0,0,0,0,0,0,0,0,0,0,,,,0,0,0,0,0,0,0,,0,0,0,0,0,11.0,22.0,
9204,00-0033908,C.Kupp,Cooper Kupp,WR,WR,"https://static.www.nfl.com/image/upload/f_auto,q_auto/league/lpaxi9rsedlg9sdr5quw",2020,10,REG,LA,SEA,0,0,0,0,0,0,0,0,0,0,0,0,,,0,,0,0,0,0,0,0,,0,5,7,50,0,0,0,60,20,1,-1.0528324023611835,0,0.8333333333333334,0.19444444444444445,0.21660649819494585,0.44329121540312877,0,0,0,0,0,0,0,0.0,0.0,0,0,0,0,0,0,0,0,0,0,0,0,0,0,0,0,0,0,0,0,0,0,0,,,0,0,0,0,0,0,0,0,0,0,0,0,,,,0,0,0,0,0,0,0,,0,0,0,0,0,5.0,10.0,
10109,00-0033908,C.Kupp,Cooper Kupp,WR,WR,"https://static.www.nfl.com/image/upload/f_auto,q_auto/league/lpaxi9rsedlg9sdr5quw",2020,11,REG,LA,TB,0,0,0,0,0,0,0,0,0,0,0,0,,,0,,0,0,0,0,0,0,,0,11,13,145,0,0,0,66,74,6,10.517865901405457,0,2.196969696969697,0.2653061224489796,0.2490566037735849,0.5722988063149788,0,1,0,0,0,0,0,0.0,0.0,0,0,0,0,0,0,0,0,0,0,0,0,0,0,0,0,0,0,0,0,0,0,0,,,0,0,0,0,0,0,0,0,0,0,0,0,,,,0,0,0,0,0,0,0,,0,0,0,0,0,14.5,25.5,
11132,00-0033908,C.Kupp,Cooper Kupp,WR,WR,"https://static.www.nfl.com/image/upload/f_auto,q_auto/league/lpaxi9rsedlg9sdr5quw",2020,12,REG,LA,SF,0,0,0,0,0,0,0,0,0,0,0,0,,,0,,0,0,0,0,0,0,,0,2,5,41,0,0,0,35,30,1,-8.952585584882277,0,1.1714285714285715,0.16666666666666666,0.13671875,0.345703125,0,0,0,0,0,0,0,0.0,0.0,0,0,0,0,0,0,0,0,0,0,0,0,0,0,0,0,0,0,0,0,0,0,0,,,0,0,0,0,0,0,0,0,0,0,0,0,,,,0,0,0,0,0,0,0,,0,0,0,0,0,4.1000000000000005,6.1000000000000005,
12136,00-0033908,C.Kupp,Cooper Kupp,WR,WR,"https://static.www.nfl.com/image/upload/f_auto,q_auto/league/lpaxi9rsedlg9sdr5quw",2020,13,REG,LA,ARI,0,0,0,0,0,0,0,0,0,0,0,0,,,0,,0,0,0,0,0,0,,0,8,9,73,0,0,0,23,50,4,5.8236893760561035,0,3.1739130434782608,0.20454545454545456,0.1377245508982036,0.40322536744692433,0,0,0,0,0,0,0,0.0,0.0,0,0,0,0,0,0,0,0,0,0,0,0,0,0,0,0,0,0,0,0,0,0,0,,,0,0,0,0,0,0,0,0,0,0,0,0,,,,0,0,0,0,0,0,0,,0,0,0,0,0,7.300000000000001,15.3,
13137,00-0033908,C.Kupp,Cooper Kupp,WR,WR,"https://static.www.nfl.com/image/upload/f_auto,q_auto/league/lpaxi9rsedlg9sdr5quw",2020,14,REG,LA,NE,0,0,0,0,0,0,0,0,0,0,0,0,,,0,,0,0,0,0,0,0,,0,5,5,33,1,0,0,30,3,2,2.1188696683966555,0,1.1,0.20833333333333334,0.2631578947368421,0.4967105263157895,0,0,0,0,0,0,0,0.0,0.0,0,0,0,0,0,0,0,0,0,0,0,0,0,0,0,0,0,0,0,0,0,0,0,,,0,0,0,0,0,0,0,0,0,0,0,0,,,,0,0,0,0,0,0,0,,0,0,0,0,0,9.3,14.3,
14166,00-0033908,C.Kupp,Cooper Kupp,WR,WR,"https://static.www.nfl.com/image/upload/f_auto,q_auto/league/lpaxi9rsedlg9sdr5quw",2020,15,REG,LA,NYJ,0,0,0,0,0,0,0,0,0,0,0,0,,,0,,0,0,0,0,0,0,,0,5,5,39,0,0,0,17,22,1,0.5640560101310257,0,2.2941176470588234,0.16666666666666666,0.08542713567839195,0.30979899497487434,0,0,0,0,0,0,0,0.0,0.0,0,0,0,0,0,0,0,0,0,0,0,0,0,0,0,0,0,0,0,0,0,0,0,,,0,0,0,0,0,0,0,0,0,0,0,0,,,,0,0,0,0,0,0,0,,0,0,0,0,0,3.9000000000000004,8.9,
15220,00-0033908,C.Kupp,Cooper Kupp,WR,WR,"https://static.www.nfl.com/image/upload/f_auto,q_auto/league/lpaxi9rsedlg9sdr5quw",2020,16,REG,LA,SEA,0,0,0,0,0,0,0,0,0,0,0,0,,,0,,0,0,0,0,0,0,,0,8,9,66,0,0,0,45,21,6,8.649418567540124,0,1.4666666666666666,0.21951219512195122,0.15901060070671377,0.44057571317762645,0,0,0,0,0,0,0,0.0,0.0,0,0,0,0,0,0,0,0,0,0,0,0,0,0,0,1,1,0,0,0,0,0,0,,,0,0,0,0,0,0,0,0,0,0,0,0,,,,0,0,0,0,0,0,0,,0,0,0,0,0,6.6000000000000005,14.600000000000001,
16983,00-0033908,C.Kupp,Cooper Kupp,WR,WR,"https://static.www.nfl.com/image/upload/f_auto,q_auto/league/lpaxi9rsedlg9sdr5quw",2020,18,POST,LA,SEA,0,0,0,0,0,0,0,0,0,0,0,0,,,0,,0,0,0,0,0,0,,0,4,9,78,0,0,0,161,7,3,2.677007570513524,0,0.484472049689441,0.375,0.6007462686567164,0.9830223880597015,0,0,0,0,0,0,0,0.0,0.0,0,0,0,0,0,0,0,0,0,0,0,0,0,0,0,0,0,0,0,0,0,0,0,,,0,0,0,0,0,0,0,0,0,0,0,0,,,,0,0,0,0,0,0,0,,0,0,0,0,0,7.800000000000001,11.8,
18107,00-0033908,C.Kupp,Cooper Kupp,WR,WR,"https://static.www.nfl.com/image/upload/f_auto,q_auto/league/lpaxi9rsedlg9sdr5quw",2021,1,REG,LA,CHI,0,0,0,0,0,0,0,0,0,0,0,0,,,0,,0,0,0,0,0,0,,0,7,10,108,1,0,0,71,45,3,5.82902595057385,0,1.5211267605633803,0.38461538461538464,0.31140350877192985,0.7949055330634278,0,0,0,0,0,0,0,0.0,0.0,0,0,0,0,0,0,0,0,0,0,0,0,0,0,0,0,0,0,0,0,0,0,0,,,0,0,0,0,0,0,0,0,0,0,0,0,,,,0,0,0,0,0,0,0,,0,0,0,0,0,16.8,23.8,
19171,00-0033908,C.Kupp,Cooper Kupp,WR,WR,"https://static.www.nfl.com/image/upload/f_auto,q_auto/league/lpaxi9rsedlg9sdr5quw",2021,2,REG,LA,IND,0,0,0,0,0,0,0,0,0,0,0,0,,,0,,1,-5,0,0,0,0,-1.6487706878673585,0,9,11,163,2,0,0,91,101,8,11.277268503094092,0,1.7912087912087913,0.3793103448275862,0.41743119266055045,0.8611673521037646,0,0,0,0,0,0,0,0.0,0.0,0,0,0,0,0,0,0,0,0,0,0,0,0,0,0,0,0,0,0,0,0,0,0,,,0,0,0,0,0,0,0,0,0,0,0,0,,,,0,0,0,0,0,0,0,,0,0,0,0,0,27.8,36.8,
20231,00-0033908,C.Kupp,Cooper Kupp,WR,WR,"https://static.www.nfl.com/image/upload/f_auto,q_auto/league/lpaxi9rsedlg9sdr5quw",2021,3,REG,LA,TB,0,0,0,0,0,0,0,0,0,0,0,0,,,0,,0,0,0,0,0,0,,0,9,12,96,2,0,0,107,28,5,4.959372428417216,0,0.897196261682243,0.3157894736842105,0.298050139275766,0.6823193080193519,0,0,0,0,0,0,0,0.0,0.0,0,0,0,0,0,0,0,0,0,0,0,0,0,0,0,0,0,0,0,0,0,0,0,,,0,0,0,0,0,0,0,0,0,0,0,0,,,,0,0,0,0,0,0,0,,0,0,0,0,0,21.6,30.6,
21280,00-0033908,C.Kupp,Cooper Kupp,WR,WR,"https://static.www.nfl.com/image/upload/f_auto,q_auto/league/lpaxi9rsedlg9sdr5quw",2021,4,REG,LA,ARI,0,0,0,0,0,0,0,0,0,0,0,0,,,0,,0,0,0,0,0,0,,0,5,13,64,0,0,0,114,17,2,-3.9609229996809714,0,0.5614035087719298,0.3170731707317073,0.3220338983050847,0.7010334849111203,0,0,0,0,0,0,0,0.0,0.0,0,0,0,0,0,0,0,0,0,0,0,0,0,0,0,0,0,0,0,0,0,0,0,,,0,0,0,0,0,0,0,0,0,0,0,0,,,,0,0,0,0,0,0,0,,0,0,0,0,0,6.4,11.4,
22331,00-0033908,C.Kupp,Cooper Kupp,WR,WR,"https://static.www.nfl.com/image/upload/f_auto,q_auto/league/lpaxi9rsedlg9sdr5quw",2021,5,REG,LA,SEA,0,0,0,0,0,0,0,0,0,0,0,0,,,0,,0,0,0,0,0,0,,0,7,10,92,0,0,0,124,12,4,4.4978938693820965,0,0.7419354838709677,0.2857142857142857,0.26439232409381663,0.6136460554371002,0,0,0,0,0,0,0,0.0,0.0,0,0,0,0,0,0,0,0,0,0,0,0,0,0,0,0,0,1,12,0,0,0,0,,,0,0,0,0,0,0,0,0,0,0,0,0,,,,0,0,0,0,0,0,0,,0,0,0,0,0,9.200000000000001,16.200000000000003,
23322,00-0033908,C.Kupp,Cooper Kupp,WR,WR,"https://static.www.nfl.com/image/upload/f_auto,q_auto/league/lpaxi9rsedlg9sdr5quw",2021,6,REG,LA,NYG,0,0,0,0,0,0,0,0,0,0,0,0,,,0,,0,0,0,0,0,0,,0,9,12,130,2,0,0,122,62,7,9.417999207566027,0,1.0655737704918034,0.4,0.5169491525423728,0.9618644067796611,0,1,0,0,0,0,0,0.0,0.0,0,0,0,0,0,0,0,0,0,0,0,0,0,0,0,1,8,0,0,0,0,0,0,,,0,0,0,0,0,0,0,0,0,0,0,0,,,,0,0,0,0,0,0,0,,0,0,0,0,0,25.0,34.0,
24235,00-0033908,C.Kupp,Cooper Kupp,WR,WR,"https://static.www.nfl.com/image/upload/f_auto,q_auto/league/lpaxi9rsedlg9sdr5quw",2021,7,REG,LA,DET,0,0,0,0,0,0,0,0,0,0,0,0,,,0,,0,0,0,0,0,0,,0,10,13,156,2,0,0,136,56,8,11.88507243024651,0,1.1470588235294117,0.3170731707317073,0.35509138381201044,0.7241737247659683,0,0,0,0,0,0,0,0.0,0.0,0,0,0,0,0,0,0,0,0,0,0,0,0,0,0,0,0,0,0,0,0,0,0,,,0,0,0,0,0,0,0,0,0,0,0,0,,,,0,0,0,0,0,0,0,,0,0,0,0,0,27.6,37.6,
25187,00-0033908,C.Kupp,Cooper Kupp,WR,WR,"https://static.www.nfl.com/image/upload/f_auto,q_auto/league/lpaxi9rsedlg9sdr5quw",2021,8,REG,LA,HOU,0,0,0,0,0,0,0,0,0,0,0,0,,,0,,0,0,0,0,0,0,,0,7,9,115,1,0,0,83,45,4,7.776770148310702,0,1.3855421686746987,0.2647058823529412,0.3824884792626728,0.6648007590132827,0,0,0,0,0,0,0,0.0,0.0,0,0,0,0,0,0,0,0,0,0,0,0,0,0,0,0,0,1,8,0,0,0,0,,,0,0,0,0,0,0,0,0,0,0,0,0,,,,0,0,0,0,0,0,0,,0,0,0,0,0,17.5,24.5,
26177,00-0033908,C.Kupp,Cooper Kupp,WR,WR,"https://static.www.nfl.com/image/upload/f_auto,q_auto/league/lpaxi9rsedlg9sdr5quw",2021,9,REG,LA,TEN,0,0,0,0,0,0,0,0,0,0,0,0,,,0,,0,0,0,0,0,0,,0,11,13,95,0,0,0,54,71,6,4.954180908855051,0,1.7592592592592593,0.2765957446808511,0.22131147540983606,0.5698116498081618,0,0,0,0,0,0,0,0.0,0.0,0,0,0,0,0,0,0,0,0,0,0,0,0,0,0,0,0,0,0,0,0,0,0,,,0,0,0,0,0,0,0,0,0,0,0,0,,,,0,0,0,0,0,0,0,,0,0,0,0,0,9.5,20.5,
27109,00-0033908,C.Kupp,Cooper Kupp,WR,WR,"https://static.www.nfl.com/image/upload/f_auto,q_auto/league/lpaxi9rsedlg9sdr5quw",2021,10,REG,LA,SF,0,0,0,0,0,0,0,0,0,0,0,0,,,0,,0,0,0,0,0,0,,0,11,13,122,0,0,0,108,61,5,5.862122022837866,0,1.1296296296296295,0.30952380952380953,0.32142857142857145,0.6892857142857143,0,0,0,0,0,0,0,0.0,0.0,0,0,0,0,0,0,0,0,0,0,0,0,0,0,0,0,0,0,0,0,0,0,0,,,0,0,0,0,0,0,0,0,0,0,0,0,,,,0,0,0,0,0,0,0,,0,0,0,0,0,12.200000000000001,23.200000000000003,
29124,00-0033908,C.Kupp,Cooper Kupp,WR,WR,"https://static.www.nfl.com/image/upload/f_auto,q_auto/league/lpaxi9rsedlg9sdr5quw",2021,12,REG,LA,GB,0,1,0,0,0,0,0,0,0,25,0,0,-0.4020649445010349,-28.750768303871155,0,0.0,0,0,0,0,0,0,,0,7,10,96,0,0,0,91,41,6,0.377143991456367,1,1.054945054945055,0.2564102564102564,0.21016166281755197,0.5317285485876709,0,0,0,0,0,0,0,0.0,0.0,0,0,0,0,0,0,0,0,0,0,0,0,0,0,0,0,0,0,0,0,0,0,0,,,0,0,0,0,0,0,0,0,0,0,0,0,,,,0,0,0,0,0,0,0,,0,0,0,0,0,11.600000000000001,18.6,
30088,00-0033908,C.Kupp,Cooper Kupp,WR,WR,"https://static.www.nfl.com/image/upload/f_auto,q_auto/league/lpaxi9rsedlg9sdr5quw",2021,13,REG,LA,JAX,0,0,0,0,0,0,0,0,0,0,0,0,,,0,,0,0,0,0,0,0,,0,8,10,129,1,0,0,99,58,6,11.652061482833233,0,1.303030303030303,0.2702702702702703,0.2804532577903683,0.6017226858586632,0,0,0,0,0,0,0,0.0,0.0,0,0,0,0,0,0,0,0,0,0,0,0,0,0,0,0,0,0,0,0,0,0,0,,,0,0,0,0,0,0,0,0,0,0,0,0,,,,0,0,0,0,0,0,0,,0,0,0,0,0,18.9,26.9,
31011,00-0033908,C.Kupp,Cooper Kupp,WR,WR,"https://static.www.nfl.com/image/upload/f_auto,q_auto/league/lpaxi9rsedlg9sdr5quw",2021,14,REG,LA,ARI,0,0,0,0,0,0,0,0,0,0,0,0,,,0,,0,0,0,0,0,0,,0,13,15,123,1,0,0,119,50,6,9.751190357059672,0,1.0336134453781514,0.5,0.476,1.0832,0,0,0,0,0,0,0,0.0,0.0,0,0,0,0,0,0,0,0,0,0,0,0,0,0,0,0,0,0,0,0,0,0,0,,,0,0,0,0,0,0,0,0,0,0,0,0,,,,0,0,0,0,0,0,0,,0,0,0,0,0,18.3,31.3,
31990,00-0033908,C.Kupp,Cooper Kupp,WR,WR,"https://static.www.nfl.com/image/upload/f_auto,q_auto/league/lpaxi9rsedlg9sdr5quw",2021,15,REG,LA,SEA,0,0,0,0,0,0,0,0,0,0,0,0,,,0,,1,1,0,0,0,0,-0.7265075379982591,0,9,13,136,2,0,0,131,46,5,0.8607867224491201,0,1.0381679389312977,0.4482758620689655,0.5695652173913044,1.0711094452773613,0,0,0,0,0,0,0,0.0,0.0,0,0,0,0,0,0,0,0,0,0,0,0,0,0,0,0,0,0,0,0,0,0,0,,,0,0,0,0,0,0,0,0,0,0,0,0,,,,0,0,0,0,0,0,0,,0,0,0,0,0,25.700000000000003,34.7,
33015,00-0033908,C.Kupp,Cooper Kupp,WR,WR,"https://static.www.nfl.com/image/upload/f_auto,q_auto/league/lpaxi9rsedlg9sdr5quw",2021,16,REG,LA,MIN,0,0,0,0,0,0,0,0,0,0,0,0,,,0,,1,4,0,0,0,0,-0.14444299275055528,0,10,13,109,0,0,0,76,52,5,5.7778723709634505,0,1.4342105263157894,0.35135135135135137,0.2558922558922559,0.7061516061516062,0,0,0,0,0,0,0,0.0,0.0,0,0,0,0,0,0,0,0,0,0,0,0,0,0,0,0,0,0,0,0,0,0,0,,,0,0,0,0,0,0,0,0,0,0,0,0,,,,0,0,0,0,0,0,0,,0,0,0,0,0,11.3,21.3,
34074,00-0033908,C.Kupp,Cooper Kupp,WR,WR,"https://static.www.nfl.com/image/upload/f_auto,q_auto/league/lpaxi9rsedlg9sdr5quw",2021,17,REG,LA,BAL,0,0,0,0,0,0,0,0,0,0,0,0,,,0,,0,0,0,0,0,0,,0,6,7,95,1,0,0,37,61,4,8.273704996623565,0,2.5675675675675675,0.2,0.14859437751004015,0.40401606425702813,0,0,0,0,0,0,0,0.0,0.0,0,0,0,0,0,0,0,0,0,0,0,0,0,0,0,0,0,0,0,0,0,0,0,,,0,0,0,0,0,0,0,0,0,0,0,0,,,,0,0,0,0,0,0,0,,0,0,0,0,0,15.5,21.5,
35100,00-0033908,C.Kupp,Cooper Kupp,WR,WR,"https://static.www.nfl.com/image/upload/f_auto,q_auto/league/lpaxi9rsedlg9sdr5quw",2021,18,REG,LA,SF,0,0,0,0,0,0,0,0,0,0,0,0,,,0,,1,18,0,0,0,1,1.0821088531520218,0,7,7,118,1,0,0,78,40,5,13.744305284228176,0,1.5128205128205128,0.21875,0.2805755395683453,0.5245278776978417,0,0,0,0,0,0,0,0.0,0.0,0,0,0,0,0,0,0,0,0,0,0,0,0,0,0,0,0,0,0,0,0,0,0,,,0,0,0,0,0,0,0,0,0,0,0,0,,,,0,0,0,0,0,0,0,,0,0,0,0,0,19.6,26.6,
35914,00-0033908,C.Kupp,Cooper Kupp,WR,WR,"https://static.www.nfl.com/image/upload/f_auto,q_auto/league/lpaxi9rsedlg9sdr5quw",2021,19,POST,LA,ARI,0,0,0,0,0,0,0,0,0,0,0,0,,,0,,0,0,0,0,0,0,,0,5,7,61,1,0,0,52,43,3,4.5348881735117175,0,1.1730769230769231,0.3888888888888889,0.2549019607843137,0.7617647058823529,0,0,0,0,0,0,0,0.0,0.0,0,0,0,0,0,0,0,0,0,0,0,0,0,0,0,0,0,0,0,0,0,0,0,,,0,0,0,0,0,0,0,0,0,0,0,0,,,,0,0,0,0,0,0,0,,0,0,0,0,0,12.100000000000001,17.1,
36261,00-0033908,C.Kupp,Cooper Kupp,WR,WR,"https://static.www.nfl.com/image/upload/f_auto,q_auto/league/lpaxi9rsedlg9sdr5quw",2021,20,POST,LA,TB,0,0,0,0,0,0,0,0,0,0,0,0,,,0,,0,0,0,0,0,0,,0,9,11,183,1,1,1,140,59,4,2.9344782076912685,0,1.3071428571428572,0.3055555555555556,0.4713804713804714,0.7882996632996633,0,0,0,0,0,0,0,0.0,0.0,0,0,0,0,0,0,0,0,0,0,0,0,0,0,0,0,0,0,0,0,0,0,0,,,0,0,0,0,0,0,0,0,0,0,0,0,,,,0,0,0,0,0,0,0,,0,0,0,0,0,22.3,31.3,
36444,00-0033908,C.Kupp,Cooper Kupp,WR,WR,"https://static.www.nfl.com/image/upload/f_auto,q_auto/league/lpaxi9rsedlg9sdr5quw",2021,21,POST,LA,SF,0,0,0,0,0,0,0,0,0,0,0,0,,,0,,1,-2,0,0,0,0,-1.1674339489545673,0,11,14,142,2,0,0,103,66,7,11.1382956354843,0,1.3786407766990292,0.3333333333333333,0.2601010101010101,0.682070707070707,0,0,0,0,0,0,0,0.0,0.0,0,0,0,0,0,0,0,0,0,0,0,0,0,0,0,0,0,0,0,0,0,0,0,,,0,0,0,0,0,0,0,0,0,0,0,0,,,,0,0,0,0,0,0,0,,0,0,0,0,0,26.0,37.0,
36533,00-0033908,C.Kupp,Cooper Kupp,WR,WR,"https://static.www.nfl.com/image/upload/f_auto,q_auto/league/lpaxi9rsedlg9sdr5quw",2021,22,POST,LA,CIN,0,1,0,0,0,0,0,0,0,5,0,0,-1.5157049462529928,-69.08655762672424,0,0.0,1,7,0,0,0,1,2.3625701579730958,0,8,10,92,2,0,0,81,38,5,7.742284643056337,0,1.1358024691358024,0.25,0.24107142857142858,0.54375,0,0,0,0,0,0,0,0.0,0.0,0,0,0,0,0,0,0,0,0,0,0,0,0,0,0,0,0,0,0,0,0,0,0,,,0,0,0,0,0,0,0,0,0,0,0,0,,,,0,0,0,0,0,0,0,,0,0,0,0,0,21.9,29.9,
36937,00-0033908,C.Kupp,Cooper Kupp,WR,WR,"https://static.www.nfl.com/image/upload/f_auto,q_auto/league/lpaxi9rsedlg9sdr5quw",2022,1,REG,LA,BUF,0,0,0,0,0,0,0,0,0,0,0,0,,,0,,0,0,0,0,0,0,,0,13,15,128,1,0,0,116,57,6,7.1995700783902254,0,1.103448275862069,0.36585365853658536,0.48535564853556484,0.8885294417797734,0,1,0,0,0,0,0,0.0,0.0,0,0,0,0,0,0,0,0,0,0,0,0,0,0,0,0,0,0,0,0,0,0,0,,,0,0,0,0,0,0,0,0,0,0,0,0,,,,0,0,0,0,0,0,0,,0,0,0,0,0,18.8,31.8,2022_01_BUF_LA
37972,00-0033908,C.Kupp,Cooper Kupp,WR,WR,"https://static.www.nfl.com/image/upload/f_auto,q_auto/league/lpaxi9rsedlg9sdr5quw",2022,2,REG,LA,ATL,0,0,0,0,0,0,0,0,0,0,0,0,,,0,,0,0,0,0,0,0,,0,11,14,108,2,1,1,109,37,8,-3.6456271618020994,0,0.9908256880733946,0.4,0.43775100401606426,0.906425702811245,0,1,0,0,0,0,0,0.0,0.0,0,0,0,0,0,0,0,0,0,0,0,0,0,0,0,0,0,0,0,0,0,0,0,,,0,0,0,0,0,0,0,0,0,0,0,0,,,,0,0,0,0,0,0,0,,0,0,0,0,0,20.8,31.8,2022_02_ATL_LA
39020,00-0033908,C.Kupp,Cooper Kupp,WR,WR,"https://static.www.nfl.com/image/upload/f_auto,q_auto/league/lpaxi9rsedlg9sdr5quw",2022,3,REG,LA,ARI,0,0,0,0,0,0,0,0,0,0,0,0,,,0,,1,20,1,0,0,1,2.4209933014353737,0,4,6,44,0,0,0,101,17,3,3.6975694090360776,0,0.43564356435643564,0.24,0.4590909090909091,0.6813636363636364,0,0,0,0,0,0,0,0.0,0.0,0,0,0,0,0,0,0,0,0,0,0,0,0,0,0,0,0,0,0,0,0,0,0,,,0,0,0,0,0,0,0,0,0,0,0,0,,,,0,0,0,0,0,0,0,,0,0,0,0,0,12.4,16.4,2022_03_LA_ARI
40054,00-0033908,C.Kupp,Cooper Kupp,WR,WR,"https://static.www.nfl.com/image/upload/f_auto,q_auto/league/lpaxi9rsedlg9sdr5quw",2022,4,REG,LA,SF,0,0,0,0,0,0,0,0,0,0,0,0,,,0,,0,0,0,0,0,0,,0,14,19,122,0,0,0,98,58,9,-1.3696215538063763,0,1.2448979591836735,0.3958333333333333,0.38735177865612647,0.8648962450592885,0,0,0,0,0,0,0,0.0,0.0,0,0,0,0,0,0,0,0,0,0,0,0,0,0,0,0,0,0,0,0,0,0,0,,,0,0,0,0,0,0,0,0,0,0,0,0,,,,0,0,0,0,0,0,0,,0,0,0,0,0,12.200000000000001,26.200000000000003,2022_04_LA_SF
41092,00-0033908,C.Kupp,Cooper Kupp,WR,WR,"https://static.www.nfl.com/image/upload/f_auto,q_auto/league/lpaxi9rsedlg9sdr5quw",2022,5,REG,LA,DAL,0,1,0,0,0,0,0,0,0,25,0,0,-0.46752027643378824,-32.619112730026245,0,0.0,1,4,0,0,0,0,-0.29489468643441796,0,7,10,125,1,0,0,77,89,3,6.106908743386157,0,1.6233766233766234,0.23809523809523808,0.21813031161473087,0.5098340752731687,0,0,0,0,0,0,0,0.0,0.0,0,0,0,0,0,0,0,0,0,0,0,0,0,0,0,0,0,0,0,0,0,0,0,,,0,0,0,0,0,0,0,0,0,0,0,0,,,,0,0,0,0,0,0,0,,0,0,0,0,0,18.9,25.9,2022_05_DAL_LA
42127,00-0033908,C.Kupp,Cooper Kupp,WR,WR,"https://static.www.nfl.com/image/upload/f_auto,q_auto/league/lpaxi9rsedlg9sdr5quw",2022,6,REG,LA,CAR,0,0,0,0,0,0,0,0,0,0,0,0,,,0,,2,17,0,0,0,2,0.49879517941735685,0,7,8,80,0,0,0,37,50,5,-2.0639666201313958,0,2.1621621621621623,0.25806451612903225,0.2534246575342466,0.564494034467521,0,0,0,0,0,0,0,0.0,0.0,0,0,0,0,0,0,0,0,0,0,0,0,0,0,0,0,0,0,0,0,0,0,0,,,0,0,0,0,0,0,0,0,0,0,0,0,,,,0,0,0,0,0,0,0,,0,0,0,0,0,9.700000000000001,16.700000000000003,2022_06_CAR_LA
43997,00-0033908,C.Kupp,Cooper Kupp,WR,WR,"https://static.www.nfl.com/image/upload/f_auto,q_auto/league/lpaxi9rsedlg9sdr5quw",2022,8,REG,LA,SF,0,0,0,0,0,0,0,0,0,0,0,0,,,0,,2,10,0,0,0,1,0.6559453301597387,0,8,12,79,1,0,0,92,25,6,3.8467517706449144,0,0.8586956521739131,0.375,0.6666666666666666,1.0291666666666666,0,0,0,0,0,0,0,0.0,0.0,0,0,0,0,0,0,0,0,0,0,0,0,0,0,0,0,0,0,0,0,0,0,0,,,0,0,0,0,0,0,0,0,0,0,0,0,,,,0,0,0,0,0,0,0,,0,0,0,0,0,14.9,22.9,2022_08_SF_LA
44960,00-0033908,C.Kupp,Cooper Kupp,WR,WR,"https://static.www.nfl.com/image/upload/f_auto,q_auto/league/lpaxi9rsedlg9sdr5quw",2022,9,REG,LA,TB,0,0,0,0,0,0,0,0,0,0,0,0,,,0,,3,1,0,0,0,0,-1.970102218678221,0,8,9,127,1,1,0,64,75,2,6.614834761014208,0,1.984375,0.34615384615384615,0.2644628099173554,0.7043547361729179,0,0,0,0,0,0,0,0.0,0.0,0,0,0,0,0,0,0,0,0,1,0,0,0,0,0,0,0,0,0,0,0,0,0,,,0,0,0,0,0,0,0,0,0,0,0,0,,,,0,0,0,0,0,0,0,,0,0,0,0,0,18.8,26.8,2022_09_LA_TB
45843,00-0033908,C.Kupp,Cooper Kupp,WR,WR,"https://static.www.nfl.com/image/upload/f_auto,q_auto/league/lpaxi9rsedlg9sdr5quw",2022,10,REG,LA,ARI,0,0,0,0,0,0,0,0,0,0,0,0,,,0,,0,0,0,0,0,0,,0,3,5,-1,0,0,0,19,5,0,-4.044351947493851,0,-0.05263157894736842,0.13513513513513514,0.0778688524590164,0.2572108994240142,0,0,0,0,0,0,0,0.0,0.0,0,0,0,0,0,0,0,0,0,0,0,0,0,0,0,0,0,0,0,0,0,0,0,,,0,0,0,0,0,0,0,0,0,0,0,0,,,,0,0,0,0,0,0,0,,0,0,0,0,0,-0.1,2.9,2022_10_ARI_LA
59822,00-0033908,C.Kupp,Cooper Kupp,WR,WR,"https://static.www.nfl.com/image/upload/f_auto,q_auto/league/lpaxi9rsedlg9sdr5quw",2023,5,REG,LA,PHI,0,0,0,0,0,0,0,0,0,0,0,0,,,0,,0,0,0,0,0,0,,0,8,12,118,0,0,0,137,52,6,6.65698387887096,0,0.8613138686131386,0.35294117647058826,0.3743169398907104,0.7914336226293797,0,0,0,0,0,0,0,0.0,0.0,0,0,0,0,0,0,0,0,1,1,0,0,0,0,0,0,0,0,0,0,0,0,0,,,0,0,0,0,0,0,0,0,0,0,0,0,,,,0,0,0,0,0,0,0,,0,0,0,0,0,11.8,19.8,2023_05_PHI_LA
60745,00-0033908,C.Kupp,Cooper Kupp,WR,WR,"https://static.www.nfl.com/image/upload/f_auto,q_auto/league/lpaxi9rsedlg9sdr5quw",2023,6,REG,LA,ARI,0,0,0,0,0,0,0,0,0,0,0,0,,,0,,0,0,0,0,0,0,,0,7,9,148,1,0,0,113,51,5,10.231497175700497,0,1.3097345132743363,0.42857142857142855,0.5916230366492147,1.056993268511593,0,0,0,0,0,0,0,0.0,0.0,0,0,0,0,0,0,0,0,0,0,0,0,0,0,0,0,0,0,0,0,0,0,0,,,0,0,0,0,0,0,0,0,0,0,0,0,,,,0,0,0,0,0,0,0,,0,0,0,0,0,20.8,27.8,2023_06_ARI_LA
61682,00-0033908,C.Kupp,Cooper Kupp,WR,WR,"https://static.www.nfl.com/image/upload/f_auto,q_auto/league/lpaxi9rsedlg9sdr5quw",2023,7,REG,LA,PIT,0,0,0,0,0,0,0,0,0,0,0,0,,,0,,0,0,0,0,0,0,,0,2,7,29,0,0,0,49,0,1,-6.756396524428185,1,0.5918367346938775,0.25925925925925924,0.18631178707224336,0.5193071398394592,0,0,0,0,0,0,0,0.0,0.0,0,0,0,0,0,0,0,0,0,0,0,0,0,0,0,0,0,0,0,0,0,0,0,,,0,0,0,0,0,0,0,0,0,0,0,0,,,,0,0,0,0,0,0,0,,0,0,0,0,0,4.9,6.9,2023_07_PIT_LA
62578,00-0033908,C.Kupp,Cooper Kupp,WR,WR,"https://static.www.nfl.com/image/upload/f_auto,q_auto/league/lpaxi9rsedlg9sdr5quw",2023,8,REG,LA,DAL,0,0,0,0,0,0,0,0,0,0,0,0,,,0,,0,0,0,0,0,0,,0,4,10,21,0,0,0,59,6,0,-14.494297516599266,0,0.3559322033898305,0.3125,0.28780487804878047,0.6702134146341463,0,0,0,0,0,0,0,0.0,0.0,0,0,0,0,0,0,0,0,0,0,0,0,0,0,0,0,0,0,0,0,0,0,0,,,0,0,0,0,0,0,0,0,0,0,0,0,,,,0,0,0,0,0,0,0,,0,0,0,0,0,2.1,6.1,2023_08_LA_DAL
63595,00-0033908,C.Kupp,Cooper Kupp,WR,WR,"https://static.www.nfl.com/image/upload/f_auto,q_auto/league/lpaxi9rsedlg9sdr5quw",2023,9,REG,LA,GB,0,0,0,0,0,0,0,0,0,0,0,0,,,0,,0,0,0,0,0,0,,0,2,7,48,0,0,0,131,16,2,-3.2977173159015365,0,0.366412213740458,0.25925925925925924,0.5,0.7388888888888888,0,1,0,0,0,0,0,0.0,0.0,0,0,0,0,0,0,0,0,0,0,0,0,0,0,0,0,0,0,0,0,0,0,0,,,0,0,0,0,0,0,0,0,0,0,0,0,,,,0,0,0,0,0,0,0,,0,0,0,0,0,4.800000000000001,6.800000000000001,2023_09_LA_GB
65440,00-0033908,C.Kupp,Cooper Kupp,WR,WR,"https://static.www.nfl.com/image/upload/f_auto,q_auto/league/lpaxi9rsedlg9sdr5quw",2023,11,REG,LA,SEA,0,0,0,0,0,0,0,0,0,0,0,0,,,0,,0,0,0,0,0,0,,0,1,1,11,0,0,0,5,6,0,0.8081029506865889,0,2.2,0.034482758620689655,0.03164556962025317,0.0738760366652117,0,0,0,0,0,0,0,0.0,0.0,0,0,0,0,0,0,0,0,0,0,0,0,0,1,10,0,0,0,0,0,0,0,0,,,0,0,0,0,0,0,0,0,0,0,0,0,,,,0,0,0,0,0,0,0,,0,0,0,0,0,1.1,2.1,2023_11_SEA_LA
66369,00-0033908,C.Kupp,Cooper Kupp,WR,WR,"https://static.www.nfl.com/image/upload/f_auto,q_auto/league/lpaxi9rsedlg9sdr5quw",2023,12,REG,LA,ARI,0,0,0,0,0,0,0,0,0,0,0,0,,,0,,0,0,0,0,0,0,,0,3,5,18,0,0,0,30,12,2,0.37929932260885835,0,0.6,0.16129032258064516,0.15625,0.35131048387096775,0,0,0,0,0,0,0,0.0,0.0,0,0,0,0,0,0,0,0,0,0,0,0,0,0,0,0,0,0,0,0,0,0,0,,,0,0,0,0,0,0,0,0,0,0,0,0,,,,0,0,0,0,0,0,0,,0,0,0,0,0,1.8,4.8,2023_12_LA_ARI
67379,00-0033908,C.Kupp,Cooper Kupp,WR,WR,"https://static.www.nfl.com/image/upload/f_auto,q_auto/league/lpaxi9rsedlg9sdr5quw",2023,13,REG,LA,CLE,0,0,0,0,0,0,0,0,0,0,0,0,,,0,,0,0,0,0,0,0,,0,6,8,39,1,0,0,25,24,2,2.374687197851017,0,1.56,0.23529411764705882,0.08561643835616438,0.41287268331990323,0,0,0,0,0,0,0,0.0,0.0,0,0,0,0,0,0,0,0,0,0,0,0,0,1,5,0,0,0,0,0,0,0,0,,,0,0,0,0,0,0,0,0,0,0,0,0,,,,0,0,0,0,0,0,0,,0,0,0,0,0,9.9,15.9,2023_13_CLE_LA
68283,00-0033908,C.Kupp,Cooper Kupp,WR,WR,"https://static.www.nfl.com/image/upload/f_auto,q_auto/league/lpaxi9rsedlg9sdr5quw",2023,14,REG,LA,BAL,0,0,0,0,0,0,0,0,0,0,0,0,,,0,,0,0,0,0,0,0,,0,8,10,115,1,0,0,75,55,5,7.502571051985406,0,1.5333333333333334,0.2564102564102564,0.19480519480519481,0.5209790209790209,0,0,0,0,0,0,0,0.0,0.0,0,0,0,0,0,0,0,0,0,0,0,0,0,0,0,0,0,0,0,0,0,0,0,,,0,0,0,0,0,0,0,0,0,0,0,0,,,,0,0,0,0,0,0,0,,0,0,0,0,0,17.5,25.5,2023_14_LA_BAL
69307,00-0033908,C.Kupp,Cooper Kupp,WR,WR,"https://static.www.nfl.com/image/upload/f_auto,q_auto/league/lpaxi9rsedlg9sdr5quw",2023,15,REG,LA,WAS,0,0,0,0,0,0,0,0,0,0,0,0,,,0,,0,0,0,0,0,0,,0,8,8,111,1,0,0,55,56,4,10.206717824039515,0,2.018181818181818,0.25,0.31976744186046513,0.5988372093023255,0,0,0,0,0,0,0,0.0,0.0,0,0,0,0,0,0,0,0,0,0,0,0,0,0,0,0,0,0,0,0,0,0,0,,,0,0,0,0,0,0,0,0,0,0,0,0,,,,0,0,0,0,0,0,0,,0,0,0,0,0,17.1,25.1,2023_15_WAS_LA
70377,00-0033908,C.Kupp,Cooper Kupp,WR,WR,"https://static.www.nfl.com/image/upload/f_auto,q_auto/league/lpaxi9rsedlg9sdr5quw",2023,16,REG,LA,NO,0,0,0,0,0,0,0,0,0,0,0,0,,,0,,1,-3,0,0,0,0,-0.9448826210573316,0,6,12,52,0,0,0,59,33,4,-4.8490325604057825,0,0.8813559322033898,0.375,0.21223021582733814,0.7110611510791367,0,0,0,0,0,0,0,0.0,0.0,0,0,0,0,0,0,0,0,0,0,0,0,0,0,0,0,0,0,0,0,0,0,0,,,0,0,0,0,0,0,0,0,0,0,0,0,,,,0,0,0,0,0,0,0,,0,0,0,0,0,4.9,10.9,2023_16_NO_LA
71402,00-0033908,C.Kupp,Cooper Kupp,WR,WR,"https://static.www.nfl.com/image/upload/f_auto,q_auto/league/lpaxi9rsedlg9sdr5quw",2023,17,REG,LA,NYG,0,0,0,0,0,0,0,0,0,0,0,0,,,0,,0,0,0,0,0,0,,0,4,6,27,1,0,0,43,11,2,1.008775708382018,0,0.627906976744186,0.17647058823529413,0.21717171717171718,0.4167260843731432,0,0,0,1,0,0,0,0.0,0.0,0,0,0,0,0,0,0,0,0,0,0,0,0,0,0,0,0,0,0,0,0,0,0,,,0,0,0,0,0,0,0,0,0,0,0,0,,,,0,0,0,0,0,0,0,,0,0,0,0,0,8.7,12.7,2023_17_LA_NYG
73307,00-0033908,C.Kupp,Cooper Kupp,WR,WR,"https://static.www.nfl.com/image/upload/f_auto,q_auto/league/lpaxi9rsedlg9sdr5quw",2023,19,POST,LA,DET,0,0,0,0,0,0,0,0,0,0,0,0,,,0,,0,0,0,0,0,0,,0,5,9,27,0,0,0,68,5,2,-1.1737477049827443,0,0.39705882352941174,0.2647058823529412,0.20298507462686566,0.5391483757682177,0,0,0,0,0,0,0,0.0,0.0,0,0,0,0,0,0,0,0,0,0,0,0,0,0,0,0,0,0,0,0,0,0,0,,,0,0,0,0,0,0,0,0,0,0,0,0,,,,0,0,0,0,0,0,0,,0,0,0,0,0,2.7,7.7,2023_19_LA_DET
74255,00-0033908,C.Kupp,Cooper Kupp,WR,WR,"https://static.www.nfl.com/image/upload/f_auto,q_auto/league/lpaxi9rsedlg9sdr5quw",2024,1,REG,LA,DET,0,0,0,0,0,0,0,0,0,0,0,0,,,0,,2,10,0,0,0,1,0.21570440579671413,0,14,21,110,1,0,0,153,41,6,-1.5487561682925124,0,0.7189542483660131,0.4375,0.5275862068965518,1.0255603448275863,0,0,0,0,0,0,0,0.0,0.0,0,0,0,0,0,0,0,0,0,0,0,0,0,0,0,0,0,0,0,0,0,0,0,,,0,0,0,0,0,0,0,0,0,0,0,0,,,,0,0,0,0,0,0,0,,0,0,0,0,0,18.0,32.0,
75297,00-0033908,C.Kupp,Cooper Kupp,WR,WR,"https://static.www.nfl.com/image/upload/f_auto,q_auto/league/lpaxi9rsedlg9sdr5quw",2024,2,REG,LA,ARI,0,0,0,0,0,0,0,0,0,0,0,0,,,0,,0,0,0,0,0,0,,0,4,6,37,0,0,0,42,24,1,-3.009176115738228,0,0.8809523809523809,0.2222222222222222,0.2641509433962264,0.5182389937106918,0,0,0,0,0,0,0,0.0,0.0,0,0,0,0,0,0,0,0,0,0,0,0,0,0,0,0,0,0,0,0,0,0,0,,,0,0,0,0,0,0,0,0,0,0,0,0,,,,0,0,0,0,0,0,0,,0,0,0,0,0,3.7,7.7,
81358,00-0033908,C.Kupp,Cooper Kupp,WR,WR,"https://static.www.nfl.com/image/upload/f_auto,q_auto/league/lpaxi9rsedlg9sdr5quw",2024,8,REG,LA,MIN,0,0,0,0,0,0,0,0,0,0,0,0,,,0,,0,0,0,0,0,0,,0,5,8,51,1,0,0,38,26,2,1.1623397073126398,0,1.3421052631578947,0.23529411764705882,0.14671814671814673,0.4556438791732909,0,0,0,0,0,0,0,0.0,0.0,0,0,0,0,0,0,0,0,0,0,0,0,0,0,0,0,0,0,0,0,0,0,0,,,0,0,0,0,0,0,0,0,0,0,0,0,,,,0,0,0,0,0,0,0,,0,0,0,0,0,11.100000000000001,16.1,
82415,00-0033908,C.Kupp,Cooper Kupp,WR,WR,"https://static.www.nfl.com/image/upload/f_auto,q_auto/league/lpaxi9rsedlg9sdr5quw",2024,9,REG,LA,SEA,0,0,0,0,0,0,0,0,0,0,0,0,,,0,,0,0,0,0,0,0,,0,11,14,104,0,0,0,78,46,4,3.2682854675804265,0,1.3333333333333333,0.3333333333333333,0.17889908256880735,0.6252293577981651,0,0,0,0,0,0,0,0.0,0.0,0,0,0,0,0,0,0,0,1,1,0,0,0,0,0,0,0,0,0,0,0,0,0,,,0,0,0,0,0,0,0,0,0,0,0,0,,,,0,0,0,0,0,0,0,,0,0,0,0,0,10.4,21.4,
83389,00-0033908,C.Kupp,Cooper Kupp,WR,WR,"https://static.www.nfl.com/image/upload/f_auto,q_auto/league/lpaxi9rsedlg9sdr5quw",2024,10,REG,LA,MIA,0,0,0,0,0,0,0,0,0,0,0,0,,,0,,0,0,0,0,0,0,,0,7,7,80,0,0,0,68,12,4,4.7245253039873205,0,1.1764705882352942,0.1590909090909091,0.21935483870967742,0.39218475073313785,0,0,0,0,0,0,0,0.0,0.0,0,0,0,0,0,0,0,0,0,0,0,0,0,0,0,0,0,0,0,0,0,0,0,,,0,0,0,0,0,0,0,0,0,0,0,0,,,,0,0,0,0,0,0,0,,0,0,0,0,0,8.0,15.0,
84306,00-0033908,C.Kupp,Cooper Kupp,WR,WR,"https://static.www.nfl.com/image/upload/f_auto,q_auto/league/lpaxi9rsedlg9sdr5quw",2024,11,REG,LA,NE,0,0,0,0,0,0,0,0,0,0,0,0,,,0,,0,0,0,0,0,0,,0,6,10,106,2,0,0,92,64,3,3.8711563191469356,0,1.1521739130434783,0.37037037037037035,0.31833910034602075,0.7783929257977701,0,0,0,0,0,0,0,0.0,0.0,0,0,0,0,0,0,0,0,0,0,0,0,0,0,0,0,0,0,0,0,0,0,0,,,0,0,0,0,0,0,0,0,0,0,0,0,,,,0,0,0,0,0,0,0,,0,0,0,0,0,22.6,28.6,
85222,00-0033908,C.Kupp,Cooper Kupp,WR,WR,"https://static.www.nfl.com/image/upload/f_auto,q_auto/league/lpaxi9rsedlg9sdr5quw",2024,12,REG,LA,PHI,0,0,0,0,0,0,0,0,0,0,0,0,,,0,,0,0,0,0,0,0,,0,8,11,60,1,1,0,54,23,2,-2.039096414402593,0,1.1111111111111112,0.3235294117647059,0.2317596566523605,0.6475258773037113,0,0,0,0,0,0,0,0.0,0.0,0,0,0,0,0,0,0,0,0,0,0,0,0,0,0,0,0,0,0,0,0,0,0,,,0,0,0,0,0,0,0,0,0,0,0,0,,,,0,0,0,0,0,0,0,,0,0,0,0,0,12.0,20.0,
86118,00-0033908,C.Kupp,Cooper Kupp,WR,WR,"https://static.www.nfl.com/image/upload/f_auto,q_auto/league/lpaxi9rsedlg9sdr5quw",2024,13,REG,LA,NO,0,0,0,0,0,0,0,0,0,0,0,0,,,0,,0,0,0,0,0,0,,0,3,6,17,0,0,0,52,1,0,-6.622388542280532,0,0.3269230769230769,0.2608695652173913,0.2613065326633166,0.5742189206904085,0,0,0,0,0,0,0,0.0,0.0,0,0,0,0,0,0,0,0,0,0,0,0,0,0,0,0,0,0,0,0,0,0,0,,,0,0,0,0,0,0,0,0,0,0,0,0,,,,0,0,0,0,0,0,0,,0,0,0,0,0,1.7000000000000002,4.7,
87145,00-0033908,C.Kupp,Cooper Kupp,WR,WR,"https://static.www.nfl.com/image/upload/f_auto,q_auto/league/lpaxi9rsedlg9sdr5quw",2024,14,REG,LA,BUF,0,0,0,0,0,0,0,0,0,0,0,0,,,0,,0,0,0,0,0,0,,0,5,8,92,1,0,0,104,21,4,6.4073823208455,0,0.8846153846153846,0.26666666666666666,0.37410071942446044,0.6618705035971223,0,0,0,0,0,0,0,0.0,0.0,0,0,0,0,0,0,0,0,0,0,0,0,0,0,0,0,0,0,0,0,0,0,0,,,0,0,0,0,0,0,0,0,0,0,0,0,,,,0,0,0,0,0,0,0,,0,0,0,0,0,15.200000000000001,20.200000000000003,
88054,00-0033908,C.Kupp,Cooper Kupp,WR,WR,"https://static.www.nfl.com/image/upload/f_auto,q_auto/league/lpaxi9rsedlg9sdr5quw",2024,15,REG,LA,SF,0,0,0,0,0,0,0,0,0,0,0,0,,,0,,0,0,0,0,0,0,,0,0,3,0,0,0,0,30,0,0,-3.5243193870410323,0,0.0,0.11538461538461539,0.16483516483516483,0.28846153846153844,0,0,0,0,0,0,0,0.0,0.0,0,0,0,0,0,0,0,0,0,0,0,0,0,0,0,0,0,0,0,0,0,0,0,,,0,0,0,0,0,0,0,0,0,0,0,0,,,,0,0,0,0,0,0,0,,0,0,0,0,0,0.0,0.0,
89163,00-0033908,C.Kupp,Cooper Kupp,WR,WR,"https://static.www.nfl.com/image/upload/f_auto,q_auto/league/lpaxi9rsedlg9sdr5quw",2024,16,REG,LA,NYJ,0,0,0,0,0,0,0,0,0,0,0,0,,,0,,0,0,0,0,0,0,,0,3,3,24,0,0,0,22,2,2,2.2375031033298,0,1.0909090909090908,0.15789473684210525,0.3188405797101449,0.4600305110602593,0,0,0,0,0,0,0,0.0,0.0,0,0,0,0,0,0,0,0,0,0,0,0,0,0,0,0,0,0,0,0,0,0,0,,,0,0,0,0,0,0,0,0,0,0,0,0,,,,0,0,0,0,0,0,0,,0,0,0,0,0,2.4000000000000004,5.4,
90229,00-0033908,C.Kupp,Cooper Kupp,WR,WR,"https://static.www.nfl.com/image/upload/f_auto,q_auto/league/lpaxi9rsedlg9sdr5quw",2024,17,REG,LA,ARI,0,0,0,0,0,0,0,0,0,0,0,0,,,0,,0,0,0,0,0,0,,0,1,3,29,0,0,0,25,9,1,-1.0593089609193134,0,1.16,0.10714285714285714,0.13089005235602094,0.25233732236350037,0,0,0,0,0,0,0,0.0,0.0,0,0,0,0,0,0,0,0,0,0,0,0,0,0,0,0,0,0,0,0,0,0,0,,,0,0,0,0,0,0,0,0,0,0,0,0,,,,0,0,0,0,0,0,0,,0,0,0,0,0,2.9000000000000004,3.9000000000000004,
92253,00-0033908,C.Kupp,Cooper Kupp,WR,WR,"https://static.www.nfl.com/image/upload/f_auto,q_auto/league/lpaxi9rsedlg9sdr5quw",2024,19,POST,LA,MIN,0,0,0,0,0,0,0,0,0,0,0,0,,,0,,0,0,0,0,0,0,,0,1,1,29,0,0,0,29,0,1,3.475935392198153,0,1.0,0.038461538461538464,0.1457286432160804,0.15970235794356397,0,0,0,0,0,0,0,0.0,0.0,0,0,0,0,0,0,0,0,0,0,0,0,0,0,0,0,0,0,0,0,0,0,0,,,0,0,0,0,0,0,0,0,0,0,0,0,,,,0,0,0,0,0,0,0,,0,0,0,0,0,2.9000000000000004,3.9000000000000004,
92626,00-0033908,C.Kupp,Cooper Kupp,WR,WR,"https://static.www.nfl.com/image/upload/f_auto,q_auto/league/lpaxi9rsedlg9sdr5quw",2024,20,POST,LA,PHI,0,0,0,0,0,0,0,0,0,0,0,0,,,0,,0,0,0,0,0,0,,0,5,7,61,0,0,0,99,11,3,4.294941225030925,0,0.6161616161616161,0.1590909090909091,0.2234762979683973,0.3950697722142418,0,0,0,0,0,0,0,0.0,0.0,0,0,0,0,0,0,0,0,0,0,0,0,0,0,0,0,0,0,0,0,0,0,0,,,0,0,0,0,0,0,0,0,0,0,0,0,,,,0,0,0,0,0,0,0,,0,0,0,0,0,6.1000000000000005,11.100000000000001,
93174,00-0033908,C.Kupp,Cooper Kupp,WR,WR,"https://static.www.nfl.com/image/upload/f_auto,q_auto/league/lpaxi9rsedlg9sdr5quw",2025,1,REG,SEA,SF,0,0,0,0,0,0,0,0,0,0,0,0,,,0,,0,0,0,0,0,0,,0,2,3,15,0,0,0,20,3,0,-1.960867792888786,0,0.75,0.13636363636363635,0.10152284263959391,0.27561144439317026,0,0,0,0,0,0,0,0.0,0.0,0,0,0,0,0,0,0,0,0,0,0,0,0,0,0,0,0,0,0,0,0,0,0,,,0,0,0,0,0,0,0,0,0,0,0,0,,,,0,0,0,0,0,0,0,,0,0,0,0,0,1.5,3.5,2025_01_SF_SEA
94253,00-0033908,C.Kupp,Cooper Kupp,WR,WR,"https://static.www.nfl.com/image/upload/f_auto,q_auto/league/lpaxi9rsedlg9sdr5quw",2025,2,REG,SEA,PIT,0,0,0,0,0,0,0,0,0,0,0,0,,,0,,0,0,0,0,0,0,,0,7,9,90,0,0,0,60,42,5,1.6931232286733575,0,1.5,0.3,0.22641509433962265,0.6084905660377358,0,0,0,0,0,0,0,0.0,0.0,0,0,0,0,0,0,0,0,0,0,0,0,0,0,0,0,0,0,0,0,0,0,0,,,0,0,0,0,0,0,0,0,0,0,0,0,,,,0,0,0,0,0,0,0,,0,0,0,0,0,9.0,16.0,2025_02_SEA_PIT
95361,00-0033908,C.Kupp,Cooper Kupp,WR,WR,"https://static.www.nfl.com/image/upload/f_auto,q_auto/league/lpaxi9rsedlg9sdr5quw",2025,3,REG,SEA,NO,0,0,0,0,0,0,0,0,0,0,0,0,,,0,,0,0,0,0,0,0,,0,2,3,31,0,0,0,3,15,1,3.7125597049016505,0,10.333333333333334,0.15,0.018404907975460124,0.23788343558282207,0,0,0,0,0,0,0,0.0,0.0,0,0,0,0,0,0,0,0,0,0,0,0,0,0,0,0,0,0,0,0,0,0,0,,,0,0,0,0,0,0,0,0,0,0,0,0,,,,0,0,0,0,0,0,0,,0,0,0,0,0,3.1,5.1,2025_03_NO_SEA
96464,00-0033908,C.Kupp,Cooper Kupp,WR,WR,"https://static.www.nfl.com/image/upload/f_auto,q_auto/league/lpaxi9rsedlg9sdr5quw",2025,4,REG,SEA,ARI,0,0,0,0,0,0,0,0,0,0,0,0,,,0,,0,0,0,0,0,0,,0,4,5,26,0,0,0,15,21,1,-0.13566340690192868,0,1.7333333333333334,0.20833333333333334,0.06329113924050633,0.35680379746835444,0,0,0,0,0,0,0,0.0,0.0,0,0,0,0,0,0,0,0,0,0,0,0,0,0,0,0,0,0,0,0,0,0,0,,,0,0,0,0,0,0,0,0,0,0,0,0,,,,0,0,0,0,0,0,0,,0,0,0,0,0,2.6,6.6,2025_04_SEA_ARI
97543,00-0033908,C.Kupp,Cooper Kupp,WR,WR,"https://static.www.nfl.com/image/upload/f_auto,q_auto/league/lpaxi9rsedlg9sdr5quw",2025,5,REG,SEA,TB,0,0,0,0,0,0,0,0,0,0,0,0,,,0,,0,0,0,0,0,0,,0,6,9,59,0,0,0,59,20,4,-0.6628068795544095,0,1.0,0.2647058823529412,0.21454545454545454,0.54724064171123,0,0,0,0,0,0,0,0.0,0.0,0,0,0,0,0,0,0,0,0,0,0,0,0,0,0,0,0,0,0,0,0,0,0,,,0,0,0,0,0,0,0,0,0,0,0,0,,,,0,0,0,0,0,0,0,,0,0,0,0,0,5.9,11.9,2025_05_TB_SEA
98520,00-0033908,C.Kupp,Cooper Kupp,WR,WR,"https://static.www.nfl.com/image/upload/f_auto,q_auto/league/lpaxi9rsedlg9sdr5quw",2025,6,REG,SEA,JAX,0,0,0,0,0,0,0,0,0,0,0,0,,,0,,0,0,0,0,0,0,,0,2,3,40,1,0,0,48,17,2,3.4077407828881405,0,0.8333333333333334,0.125,0.1329639889196676,0.2805747922437673,0,0,0,0,0,0,0,0.0,0.0,0,0,0,0,0,0,0,0,0,0,0,0,0,0,0,0,0,0,0,0,0,0,0,,,0,0,0,0,0,0,0,0,0,0,0,0,,,,0,0,0,0,0,0,0,,0,0,0,0,0,10.0,12.0,2025_06_SEA_JAX
99543,00-0033908,C.Kupp,Cooper Kupp,WR,WR,"https://static.www.nfl.com/image/upload/f_auto,q_auto/league/lpaxi9rsedlg9sdr5quw",2025,7,REG,SEA,HOU,0,1,0,0,1,0,0,0,0,9,0,0,-5.370166467153467,-65.11815786361694,0,0.0,0,0,0,0,0,0,,0,1,1,32,0,0,0,18,14,1,2.1014485529158264,0,1.7777777777777777,0.034482758620689655,0.06428571428571428,0.09672413793103447,0,0,0,0,0,0,0,0.0,0.0,0,0,0,0,0,0,0,0,0,0,0,0,0,0,0,0,0,0,0,0,0,0,0,,,0,0,0,0,0,0,0,0,0,0,0,0,,,,0,0,0,0,0,0,0,,0,0,0,0,0,1.2000000000000002,2.2,2025_07_HOU_SEA
102404,00-0033908,C.Kupp,Cooper Kupp,WR,WR,"https://static.www.nfl.com/image/upload/f_auto,q_auto/league/lpaxi9rsedlg9sdr5quw",2025,10,REG,SEA,ARI,0,0,0,0,0,0,0,0,0,0,0,0,,,0,,0,0,0,0,0,0,,0,2,2,74,0,0,0,18,56,2,7.443965612066677,0,4.111111111111111,0.16666666666666666,0.140625,0.3484375,0,0,0,0,0,0,0,0.0,0.0,0,0,0,0,0,0,0,0,0,0,0,0,0,0,0,0,0,0,0,0,0,0,0,,,0,0,0,0,0,0,0,0,0,0,0,0,,,,0,0,0,0,0,0,0,,0,0,0,0,0,7.4,9.4,2025_10_ARI_SEA
103370,00-0033908,C.Kupp,Cooper Kupp,WR,WR,"https://static.www.nfl.com/image/upload/f_auto,q_auto/league/lpaxi9rsedlg9sdr5quw",2025,11,REG,SEA,LA,0,0,0,0,0,0,0,0,0,0,0,0,,,0,,0,0,0,0,0,0,,0,3,7,23,0,0,0,81,6,0,-8.166895084625386,0,0.2839506172839506,0.16666666666666666,0.23684210526315788,0.4157894736842105,0,1,0,0,0,0,0,0.0,0.0,0,0,0,0,0,0,0,0,0,0,0,0,0,0,0,0,0,0,0,0,0,0,0,,,0,0,0,0,0,0,0,0,0,0,0,0,,,,0,0,0,0,0,0,0,,0,0,0,0,0,2.3000000000000003,5.300000000000001,2025_11_SEA_LA
104391,00-0033908,C.Kupp,Cooper Kupp,WR,WR,"https://static.www.nfl.com/image/upload/f_auto,q_auto/league/lpaxi9rsedlg9sdr5quw",2025,12,REG,SEA,TEN,0,0,0,0,0,0,0,0,0,0,0,0,,,0,,0,0,0,0,0,0,,0,2,4,24,0,0,0,40,6,2,-0.7660640520625748,0,0.6,0.16,0.16326530612244897,0.35428571428571426,0,0,0,0,0,0,0,0.0,0.0,0,0,0,0,0,0,0,0,0,0,0,0,0,0,0,0,0,0,0,0,0,0,0,,,0,0,0,0,0,0,0,0,0,0,0,0,,,,0,0,0,0,0,0,0,,0,0,0,0,0,2.4000000000000004,4.4,2025_12_SEA_TEN
105377,00-0033908,C.Kupp,Cooper Kupp,WR,WR,"https://static.www.nfl.com/image/upload/f_auto,q_auto/league/lpaxi9rsedlg9sdr5quw",2025,13,REG,SEA,MIN,0,0,0,0,0,0,0,0,0,0,0,0,,,0,,0,0,0,0,0,0,,0,3,4,24,0,0,0,13,16,1,0.1283812021720223,0,1.8461538461538463,0.17391304347826086,0.13978494623655913,0.3587190275829827,0,0,0,0,0,0,0,0.0,0.0,0,0,0,0,0,0,0,0,1,1,0,0,0,1,5,0,0,0,0,0,0,0,0,,,0,0,0,0,0,0,0,0,0,0,0,0,,,,0,0,0,0,0,0,0,,0,0,0,0,0,2.4000000000000004,5.4,2025_13_MIN_SEA
106448,00-0033908,C.Kupp,Cooper Kupp,WR,WR,"https://static.www.nfl.com/image/upload/f_auto,q_auto/league/lpaxi9rsedlg9sdr5quw",2025,14,REG,SEA,ATL,0,0,0,0,0,0,0,0,0,0,0,0,,,0,,0,0,0,0,0,0,,0,2,3,35,1,0,0,30,24,2,3.0996797566960996,0,1.1666666666666667,0.1,0.11764705882352941,0.2323529411764706,0,0,0,0,0,0,0,0.0,0.0,0,0,0,0,0,0,0,0,0,0,0,0,0,0,0,0,0,0,0,0,0,0,0,,,0,0,0,0,0,0,0,0,0,0,0,0,,,,0,0,0,0,0,0,0,,0,0,0,0,0,9.5,11.5,2025_14_SEA_ATL
107430,00-0033908,C.Kupp,Cooper Kupp,WR,WR,"https://static.www.nfl.com/image/upload/f_auto,q_auto/league/lpaxi9rsedlg9sdr5quw",2025,15,REG,SEA,IND,0,0,0,0,0,0,0,0,0,0,0,0,,,0,,0,0,0,0,0,0,,0,5,7,46,0,0,0,40,27,1,-0.23595032514140435,0,1.15,0.21212121212121213,0.16597510373443983,0.43436439079592604,0,0,0,0,0,0,0,0.0,0.0,0,0,0,0,0,0,0,0,0,0,0,0,0,0,0,0,0,0,0,0,0,0,0,,,0,0,0,0,0,0,0,0,0,0,0,0,,,,0,0,0,0,0,0,0,,0,0,0,0,0,4.6000000000000005,9.600000000000001,2025_15_IND_SEA
108486,00-0033908,C.Kupp,Cooper Kupp,WR,WR,"https://static.www.nfl.com/image/upload/f_auto,q_auto/league/lpaxi9rsedlg9sdr5quw",2025,16,REG,SEA,LA,0,0,0,0,0,0,0,0,0,0,0,0,,,0,,0,0,0,0,0,0,,0,3,4,39,0,1,1,43,13,1,-1.7428835872705095,1,0.9069767441860465,0.12903225806451613,0.21287128712871287,0.34255828808687316,0,0,0,0,0,0,0,0.0,0.0,0,0,0,0,0,0,0,0,0,0,0,0,0,0,0,0,0,0,0,0,0,0,0,,,0,0,0,0,0,0,0,0,0,0,0,0,,,,0,0,0,0,0,0,0,,0,0,0,0,0,3.9000000000000004,6.9,2025_16_LA_SEA
109579,00-0033908,C.Kupp,Cooper Kupp,WR,WR,"https://static.www.nfl.com/image/upload/f_auto,q_auto/league/lpaxi9rsedlg9sdr5quw",2025,17,REG,SEA,CAR,0,0,0,0,0,0,0,0,0,0,0,0,,,0,,0,0,0,0,0,0,,0,1,3,6,0,0,0,17,0,1,-0.10225898219505325,0,0.35294117647058826,0.11538461538461539,0.12056737588652482,0.25747408619749046,0,0,0,0,0,0,0,0.0,0.0,0,0,0,0,0,0,0,0,0,0,0,0,0,0,0,0,0,0,0,0,0,0,0,,,0,0,0,0,0,0,0,0,0,0,0,0,,,,0,0,0,0,0,0,0,,0,0,0,0,0,0.6000000000000001,1.6,2025_17_SEA_CAR
110635,00-0033908,C.Kupp,Cooper Kupp,WR,WR,"https://static.www.nfl.com/image/upload/f_auto,q_auto/league/lpaxi9rsedlg9sdr5quw",2025,18,REG,SEA,SF,0,0,0,0,0,0,0,0,0,0,0,0,,,0,,0,0,0,0,0,0,,0,2,3,29,0,0,0,20,13,2,-0.17495903675444424,0,1.45,0.11538461538461539,0.15873015873015872,0.2841880341880342,0,0,0,0,0,0,0,0.0,0.0,0,0,0,0,0,0,0,0,0,0,0,0,0,0,0,0,0,0,0,0,0,0,0,,,0,0,0,0,0,0,0,0,0,0,0,0,,,,0,0,0,0,0,0,0,,0,0,0,0,0,2.9000000000000004,4.9,2025_18_SEA_SF
112001,00-0033908,C.Kupp,Cooper Kupp,WR,WR,"https://static.www.nfl.com/image/upload/f_auto,q_auto/league/lpaxi9rsedlg9sdr5quw",2025,20,POST,SEA,SF,0,0,0,0,0,0,0,0,0,0,0,0,,,0,,0,0,0,0,0,0,,0,5,5,60,0,0,0,54,6,3,5.646980851714034,0,1.1111111111111112,0.3125,0.35064935064935066,0.7142045454545455,0,0,0,0,0,0,0,0.0,0.0,0,0,0,0,0,0,0,0,0,0,0,0,0,0,0,0,0,0,0,0,0,0,0,,,0,0,0,0,0,0,0,0,0,0,0,0,,,,0,0,0,0,0,0,0,,0,0,0,0,0,6.0,11.0,2025_20_SF_SEA
112258,00-0033908,C.Kupp,Cooper Kupp,WR,WR,"https://static.www.nfl.com/image/upload/f_auto,q_auto/league/lpaxi9rsedlg9sdr5quw",2025,21,POST,SEA,LA,0,0,0,0,0,0,0,0,0,0,0,0,,,0,,0,0,0,0,0,0,,0,4,6,36,1,0,0,43,13,3,4.418387289333623,0,0.8372093023255814,0.17647058823529413,0.14527027027027026,0.36639507154213036,0,0,0,0,0,0,0,0.0,0.0,0,0,0,0,0,0,0,0,0,0,0,0,0,0,0,0,0,0,0,0,0,0,0,,,0,0,0,0,0,0,0,0,0,0,0,0,,,,0,0,0,0,0,0,0,,0,0,0,0,0,9.6,13.6,2025_21_LA_SEA
112388,00-0033908,C.Kupp,Cooper Kupp,WR,WR,"https://static.www.nfl.com/image/upload/f_auto,q_auto/league/lpaxi9rsedlg9sdr5quw",2025,22,POST,SEA,NE,0,0,0,0,0,0,0,0,0,0,0,0,,,0,,0,0,0,0,0,0,,0,6,12,61,0,0,0,95,9,2,0.21105299752235362,0,0.6421052631578947,0.3333333333333333,0.26243093922651933,0.6837016574585635,0,0,0,0,0,0,0,0.0,0.0,0,0,0,0,0,0,0,0,0,0,0,0,0,0,0,0,0,0,0,0,0,0,0,,,0,0,0,0,0,0,0,0,0,0,0,0,,,,0,0,0,0,0,0,0,,0,0,0,0,0,6.1000000000000005,12.100000000000001,2025_22_SEA_NE
